title,year,runtime,director,cast,description,url
쇼생크 탈출,1994,2h 22m,Frank Darabont,"Frank Darabont, Stephen King, Frank Darabont, Tim Robbins, Morgan Freeman","A banker convicted of uxoricide forms a friendship over a quarter century with a hardened convict, while maintaining his innocence and trying to remain hopeful through simple compassion.",https://www.imdb.com/title/tt0111161/?ref_=chttp_t_1
Daeboo,1972,2h 55m,Francis Ford Coppola,"Francis Ford Coppola, Mario Puzo, Francis Ford Coppola, Marlon Brando, Al Pacino",The aging patriarch of an organized crime dynasty transfers control of his clandestine empire to his reluctant son.,https://www.imdb.com/title/tt0068646/?ref_=chttp_t_2
다크 나이트,2008,2h 32m,Christopher Nolan,"Christopher Nolan, Jonathan Nolan, Christopher Nolan, David S. Goyer, Christian Bale","When a menace known as the Joker wreaks havoc and chaos on the people of Gotham, Batman, James Gordon and Harvey Dent must work together to put an end to the madness.",https://www.imdb.com/title/tt0468569/?ref_=chttp_t_3
The Godfather Part II,1974,3h 22m,Francis Ford Coppola,"Francis Ford Coppola, Francis Ford Coppola, Mario Puzo, Al Pacino, Robert De Niro","The early life and career of Vito Corleone in 1920s New York City is portrayed, while his son, Michael, expands and tightens his grip on the family crime syndicate.",https://www.imdb.com/title/tt0071562/?ref_=chttp_t_4
12명의 성난 사람들,1957,1h 36m,Sidney Lumet,"Sidney Lumet, Reginald Rose, Henry Fonda, Lee J. Cobb, Martin Balsam",The jury in a New York City murder trial is frustrated by a single member whose skeptical caution forces them to more carefully consider the evidence before jumping to a hasty verdict.,https://www.imdb.com/title/tt0050083/?ref_=chttp_t_5
반지의 제왕: 왕의 귀환,2003,3h 21m,Peter Jackson,"Peter Jackson, J.R.R. Tolkien, Fran Walsh, Philippa Boyens, Elijah Wood",Gandalf and Aragorn lead the World of Men against Sauron's army to draw his gaze from Frodo and Sam as they approach Mount Doom with the One Ring.,https://www.imdb.com/title/tt0167260/?ref_=chttp_t_6
쉰들러 리스트,1993,3h 15m,Steven Spielberg,"Steven Spielberg, Thomas Keneally, Steven Zaillian, Liam Neeson, Ralph Fiennes","In German-occupied Poland during World War II, industrialist Oskar Schindler gradually becomes concerned for his Jewish workforce after witnessing their persecution by the Nazis.",https://www.imdb.com/title/tt0108052/?ref_=chttp_t_7
펄프 픽션,1994,2h 34m,Quentin Tarantino,"Quentin Tarantino, Quentin Tarantino, Roger Avary, John Travolta, Uma Thurman","The lives of two mob hitmen, a boxer, a gangster and his wife, and a pair of diner bandits intertwine in four tales of violence and redemption.",https://www.imdb.com/title/tt0110912/?ref_=chttp_t_8
반지의 제왕: 반지 원정대,2001,2h 58m,Peter Jackson,"Peter Jackson, J.R.R. Tolkien, Fran Walsh, Philippa Boyens, Elijah Wood",A meek Hobbit from the Shire and eight companions set out on a journey to destroy the powerful One Ring and save Middle-earth from the Dark Lord Sauron.,https://www.imdb.com/title/tt0120737/?ref_=chttp_t_9
석양의 무법자,1966,2h 41m,Sergio Leone,"Sergio Leone, Luciano Vincenzoni, Sergio Leone, Agenore Incrocci, Clint Eastwood",A bounty hunting scam joins two men in an uneasy alliance against a third in a race to find a fortune in gold buried in a remote cemetery.,https://www.imdb.com/title/tt0060196/?ref_=chttp_t_10
포레스트 검프,1994,2h 22m,Robert Zemeckis,"Robert Zemeckis, Winston Groom, Eric Roth, Tom Hanks, Robin Wright","The history of the United States from the 1950s to the '70s unfolds from the perspective of an Alabama man with an IQ of 75, who yearns to be reunited with his childhood sweetheart.",https://www.imdb.com/title/tt0109830/?ref_=chttp_t_11
The Lord of the Rings: The Two Towers,2002,2h 59m,Peter Jackson,"Peter Jackson, J.R.R. Tolkien, Fran Walsh, Philippa Boyens, Elijah Wood","While Frodo and Sam edge closer to Mordor with the help of the shifty Gollum, the divided fellowship makes a stand against Sauron's new ally, Saruman, and his hordes of Isengard.",https://www.imdb.com/title/tt0167261/?ref_=chttp_t_12
파이트 클럽,1999,2h 19m,David Fincher,"David Fincher, Chuck Palahniuk, Jim Uhls, Brad Pitt, Edward Norton",An insomniac office worker and a devil-may-care soap maker form an underground fight club that evolves into much more.,https://www.imdb.com/title/tt0137523/?ref_=chttp_t_13
인셉션,2010,2h 28m,Christopher Nolan,"Christopher Nolan, Christopher Nolan, Leonardo DiCaprio, Joseph Gordon-Levitt, Elliot Page","A thief who steals corporate secrets through the use of dream-sharing technology is given the inverse task of planting an idea into the mind of a C.E.O., but his tragic past may doom the pro... Read all",https://www.imdb.com/title/tt1375666/?ref_=chttp_t_14
스타워즈 에피소드 5 - 제국의 역습,1980,2h 4m,Irvin Kershner,"Irvin Kershner, Leigh Brackett, Lawrence Kasdan, George Lucas, Mark Hamill","After the Empire overpowers the Rebel Alliance, Luke Skywalker begins his Jedi training with Yoda. At the same time, Darth Vader and bounty hunter Boba Fett pursue his friends across the gal... Read all",https://www.imdb.com/title/tt0080684/?ref_=chttp_t_15
매트릭스,1999,2h 16m,Lana Wachowski,"Lana Wachowski, Lilly Wachowski, Lilly Wachowski, Lana Wachowski, Keanu Reeves","When a beautiful stranger leads computer hacker Neo to a forbidding underworld, he discovers the shocking truth--the life he knows is the elaborate deception of an evil cyber-intelligence.",https://www.imdb.com/title/tt0133093/?ref_=chttp_t_16
좋은 친구들,1990,2h 25m,Martin Scorsese,"Martin Scorsese, Nicholas Pileggi, Martin Scorsese, Robert De Niro, Ray Liotta","The story of Henry Hill and his life in the mafia, covering his relationship with his wife Karen and his mob partners Jimmy Conway and Tommy DeVito.",https://www.imdb.com/title/tt0099685/?ref_=chttp_t_17
뻐꾸기 둥지 위로 날아간 새,1975,2h 13m,Milos Forman,"Milos Forman, Lawrence Hauben, Bo Goldman, Ken Kesey, Jack Nicholson","In the Fall of 1963, a Korean War veteran and criminal pleads insanity and is admitted to a mental institution, where he rallies up the scared patients against the tyrannical nurse.",https://www.imdb.com/title/tt0073486/?ref_=chttp_t_18
인터스텔라,2014,2h 49m,Christopher Nolan,"Christopher Nolan, Jonathan Nolan, Christopher Nolan, Matthew McConaughey, Anne Hathaway","When Earth becomes uninhabitable in the future, a farmer and ex-NASA pilot, Joseph Cooper, is tasked to pilot a spacecraft, along with a team of researchers, to find a new planet for humans.",https://www.imdb.com/title/tt0816692/?ref_=chttp_t_19
세븐,1995,2h 7m,David Fincher,"David Fincher, Andrew Kevin Walker, Morgan Freeman, Brad Pitt, Kevin Spacey","Two detectives, a rookie and a veteran, hunt a serial killer who uses the seven deadly sins as his motives.",https://www.imdb.com/title/tt0114369/?ref_=chttp_t_20
멋진 인생,1946,2h 10m,Frank Capra,"Frank Capra, Frances Goodrich, Albert Hackett, Frank Capra, James Stewart",An angel is sent from Heaven to help a desperately frustrated businessman by showing him what life would have been like if he had never existed.,https://www.imdb.com/title/tt0038650/?ref_=chttp_t_21
7인의 사무라이,1954,3h 27m,Akira Kurosawa,"Akira Kurosawa, Akira Kurosawa, Shinobu Hashimoto, Hideo Oguni, Toshirô Mifune","Farmers from a village exploited by bandits hire a veteran samurai for protection, and he gathers six other samurai to join him.",https://www.imdb.com/title/tt0047478/?ref_=chttp_t_22
양들의 침묵,1991,1h 58m,Jonathan Demme,"Jonathan Demme, Thomas Harris, Ted Tally, Jodie Foster, Anthony Hopkins","A young F.B.I. cadet must receive the help of an incarcerated and manipulative cannibal killer to help catch another serial killer, a madman who skins his victims.",https://www.imdb.com/title/tt0102926/?ref_=chttp_t_23
라이언 일병 구하기,1998,2h 49m,Steven Spielberg,"Steven Spielberg, Robert Rodat, Tom Hanks, Matt Damon, Tom Sizemore","Following the Normandy Landings, a group of U.S. soldiers go behind enemy lines to retrieve a paratrooper whose brothers have been killed in action.",https://www.imdb.com/title/tt0120815/?ref_=chttp_t_24
시티 오브 갓,2002,2h 10m,Fernando Meirelles,"Fernando Meirelles, Kátia Lund, Bráulio Mantovani, Paulo Lins, Alexandre Rodrigues","In the slums of Rio, two kids' paths diverge as one struggles to become a photographer and the other a kingpin.",https://www.imdb.com/title/tt0317248/?ref_=chttp_t_25
그린 마일,1999,3h 9m,Frank Darabont,"Frank Darabont, Stephen King, Frank Darabont, Tom Hanks, Michael Clarke Duncan","Paul Edgecomb, the head guard of a prison, meets an inmate, John Coffey, a black man who is accused of murdering two girls. His life changes drastically when he discovers that John has a spe... Read all",https://www.imdb.com/title/tt0120689/?ref_=chttp_t_26
La vita è bella,1997,1h 56m,Roberto Benigni,"Roberto Benigni, Vincenzo Cerami, Roberto Benigni, Roberto Benigni, Nicoletta Braschi","When an open-minded Jewish waiter and his son become victims of the Holocaust, he uses a perfect mixture of will, humor and imagination to protect his son from the dangers around their camp.",https://www.imdb.com/title/tt0118799/?ref_=chttp_t_27
Teomineiteo 2,1991,2h 17m,James Cameron,"James Cameron, James Cameron, William Wisher, Arnold Schwarzenegger, Linda Hamilton","A cyborg, identical to the one who failed to kill Sarah Connor, must now protect her ten year old son John from an even more advanced and powerful cyborg.",https://www.imdb.com/title/tt0103064/?ref_=chttp_t_28
Star Wars,1977,2h 1m,George Lucas,"George Lucas, George Lucas, Mark Hamill, Harrison Ford, Carrie Fisher","Luke Skywalker joins forces with a Jedi Knight, a cocky pilot, a Wookiee and two droids to save the galaxy from the Empire's world-destroying battle station, while also attempting to rescue ... Read all",https://www.imdb.com/title/tt0076759/?ref_=chttp_t_29
빽 투 더 퓨쳐,1985,1h 56m,Robert Zemeckis,"Robert Zemeckis, Robert Zemeckis, Bob Gale, Michael J. Fox, Christopher Lloyd","Marty McFly, a 17-year-old high school student, is accidentally sent 30 years into the past in a time-traveling DeLorean invented by his close friend, the maverick scientist Doc Brown.",https://www.imdb.com/title/tt0088763/?ref_=chttp_t_30
센과 치히로의 행방불명,2001,2h 4m,Hayao Miyazaki,"Hayao Miyazaki, Hayao Miyazaki, Daveigh Chase, Suzanne Pleshette, Miyu Irino","During her family's move to the suburbs, a sullen 10-year-old girl wanders into a world ruled by gods, witches and spirits, and where humans are changed into beasts.",https://www.imdb.com/title/tt0245429/?ref_=chttp_t_31
피아니스트,2002,2h 30m,Roman Polanski,"Roman Polanski, Ronald Harwood, Wladyslaw Szpilman, Adrien Brody, Thomas Kretschmann","During WWII, acclaimed Polish musician Wladyslaw faces various struggles as he loses contact with his family. As the situation worsens, he hides in the ruins of Warsaw in order to survive.",https://www.imdb.com/title/tt0253474/?ref_=chttp_t_32
Gisaengchung,2019,2h 12m,Bong Joon Ho,"Bong Joon Ho, Bong Joon Ho, Han Jin-won, Song Kang-ho, Lee Sun-kyun",Greed and class discrimination threaten the newly formed symbiotic relationship between the wealthy Park family and the destitute Kim clan.,https://www.imdb.com/title/tt6751668/?ref_=chttp_t_33
글래디에이터,2000,2h 35m,Ridley Scott,"Ridley Scott, David Franzoni, John Logan, William Nicholson, Russell Crowe",A former Roman General sets out to exact vengeance against the corrupt emperor who murdered his family and sent him into slavery.,https://www.imdb.com/title/tt0172495/?ref_=chttp_t_34
싸이코,1960,1h 49m,Alfred Hitchcock,"Alfred Hitchcock, Joseph Stefano, Robert Bloch, Anthony Perkins, Janet Leigh",A secretary on the run for embezzlement takes refuge at a secluded California motel owned by a repressed man and his overbearing mother.,https://www.imdb.com/title/tt0054215/?ref_=chttp_t_35
라이온 킹,1994,1h 28m,Roger Allers,"Roger Allers, Rob Minkoff, Irene Mecchi, Jonathan Roberts, Linda Woolverton","Lion prince Simba and his father are targeted by his bitter uncle, who wants to ascend the throne himself.",https://www.imdb.com/title/tt0110357/?ref_=chttp_t_36
디파티드,2006,2h 31m,Martin Scorsese,"Martin Scorsese, William Monahan, Alan Mak, Felix Chong, Leonardo DiCaprio",An undercover cop and a mole in the police attempt to identify each other while infiltrating an Irish gang in South Boston.,https://www.imdb.com/title/tt0407887/?ref_=chttp_t_37
반딧불이의 묘,1988,1h 28m,Isao Takahata,"Isao Takahata, Akiyuki Nosaka, Isao Takahata, Tsutomu Tatsumi, Ayano Shiraishi",A young boy and his little sister struggle to survive in Japan during World War II.,https://www.imdb.com/title/tt0095327/?ref_=chttp_t_38
위플래쉬,2014,1h 46m,Damien Chazelle,"Damien Chazelle, Damien Chazelle, Miles Teller, J.K. Simmons, Melissa Benoist",A promising young drummer enrolls at a cut-throat music conservatory where his dreams of greatness are mentored by an instructor who will stop at nothing to realize a student's potential.,https://www.imdb.com/title/tt2582802/?ref_=chttp_t_39
Spider-Man: Across the Spider-Verse,2023,2h 20m,Joaquim Dos Santos,"Joaquim Dos Santos, Kemp Powers, Justin K. Thompson, Phil Lord, Christopher Miller","Miles Morales catapults across the multiverse, where he encounters a team of Spider-People charged with protecting its very existence. When the heroes clash on how to handle a new threat, Mi... Read all",https://www.imdb.com/title/tt9362722/?ref_=chttp_t_40
아메리칸 히스토리 X,1998,1h 59m,Tony Kaye,"Tony Kaye, David McKenna, Edward Norton, Edward Furlong, Beverly D'Angelo","Living a life marked by violence, neo-Nazi Derek finally goes to prison after killing two black youths. Upon his release, Derek vows to change; he hopes to prevent his brother, Danny, who id... Read all",https://www.imdb.com/title/tt0120586/?ref_=chttp_t_41
프레스티지,2006,2h 10m,Christopher Nolan,"Christopher Nolan, Jonathan Nolan, Christopher Nolan, Christopher Priest, Christian Bale",Rival 19th-century magicians engage in a bitter battle for trade secrets.,https://www.imdb.com/title/tt0482571/?ref_=chttp_t_42
레옹,1994,1h 50m,Luc Besson,"Luc Besson, Luc Besson, Jean Reno, Gary Oldman, Natalie Portman","12-year-old Mathilda is reluctantly taken in by Léon, a professional assassin, after her family is murdered. An unusual relationship forms as she becomes his protégée and learns the assassin... Read all",https://www.imdb.com/title/tt0110413/?ref_=chttp_t_43
Seppuku,1962,2h 13m,Masaki Kobayashi,"Masaki Kobayashi, Yasuhiko Takiguchi, Shinobu Hashimoto, Tatsuya Nakadai, Akira Ishihama","When a ronin requesting seppuku at a feudal lord's palace is told of the brutal suicide of another ronin who previously visited, he reveals how their pasts are intertwined - and in doing so ... Read all",https://www.imdb.com/title/tt0056058/?ref_=chttp_t_44
카사블랑카,1942,1h 42m,Michael Curtiz,"Michael Curtiz, Julius J. Epstein, Howard Koch, Murray Burnett, Humphrey Bogart",A cynical expatriate American cafe owner struggles to decide whether or not to help his former lover and her fugitive husband escape the Nazis in French Morocco.,https://www.imdb.com/title/tt0034583/?ref_=chttp_t_45
유주얼 서스펙트,1995,1h 46m,Bryan Singer,"Bryan Singer, Christopher McQuarrie, Kevin Spacey, Gabriel Byrne, Chazz Palminteri",The sole survivor of a pier shoot-out tells the story of how a notorious criminal influenced the events that began with five criminals meeting in a seemingly random police lineup.,https://www.imdb.com/title/tt0114814/?ref_=chttp_t_46
언터처블: 1%의 우정,2011,1h 52m,Olivier Nakache,"Olivier Nakache, Éric Toledano, Olivier Nakache, Éric Toledano, Philippe Pozzo di Borgo","After he becomes a quadriplegic from a paragliding accident, an aristocrat hires a young man from the projects to be his caregiver.",https://www.imdb.com/title/tt1675434/?ref_=chttp_t_47
시네마 천국,1988,2h 54m,Giuseppe Tornatore,"Giuseppe Tornatore, Giuseppe Tornatore, Vanna Paoli, Philippe Noiret, Enzo Cannavale","Salvatore, a famous film director, returns to his hometown for the funeral of the local theater's film projectionist, Alfredo. He reminisces about his life as a young boy falling in love wit... Read all",https://www.imdb.com/title/tt0095765/?ref_=chttp_t_48
Dune: Part Two,2024,2h 46m,Denis Villeneuve,"Denis Villeneuve, Denis Villeneuve, Jon Spaihts, Frank Herbert, Timothée Chalamet",Paul Atreides unites with the Fremen while on a warpath of revenge against the conspirators who destroyed his family. Facing a choice between the love of his life and the fate of the univers... Read all,https://www.imdb.com/title/tt15239678/?ref_=chttp_t_49
모던 타임즈,1936,1h 27m,Charles Chaplin,"Charles Chaplin, Charles Chaplin, Charles Chaplin, Paulette Goddard, Henry Bergman",The Tramp struggles to live in modern industrial society with the help of a young homeless woman.,https://www.imdb.com/title/tt0027977/?ref_=chttp_t_50
에이리언,1979,1h 57m,Ridley Scott,"Ridley Scott, Dan O'Bannon, Ronald Shusett, Sigourney Weaver, Tom Skerritt","After investigating a mysterious transmission of unknown origin, the crew of a commercial spacecraft encounters a deadly lifeform.",https://www.imdb.com/title/tt0078748/?ref_=chttp_t_51
이창,1954,1h 52m,Alfred Hitchcock,"Alfred Hitchcock, John Michael Hayes, Cornell Woolrich, James Stewart, Grace Kelly",A bored photographer recovering from a broken leg passes the time by watching his neighbors and begins to suspect one of them of murder.,https://www.imdb.com/title/tt0047396/?ref_=chttp_t_52
원스 어폰 어 타임 인 더 웨스트,1968,2h 46m,Sergio Leone,"Sergio Leone, Sergio Donati, Sergio Leone, Dario Argento, Henry Fonda",A mysterious stranger with a harmonica joins forces with a notorious desperado to protect a beautiful widow from a ruthless assassin working for the railroad.,https://www.imdb.com/title/tt0064116/?ref_=chttp_t_53
장고: 분노의 추적자,2012,2h 45m,Quentin Tarantino,"Quentin Tarantino, Quentin Tarantino, Jamie Foxx, Christoph Waltz, Leonardo DiCaprio","With the help of a German bounty-hunter, a freed slave sets out to rescue his wife from a brutal plantation owner in Mississippi.",https://www.imdb.com/title/tt1853728/?ref_=chttp_t_54
City Lights,1931,1h 27m,Charles Chaplin,"Charles Chaplin, Charles Chaplin, Harry Carr, Harry Crocker, Charles Chaplin","With the aid of a wealthy erratic tippler, a dewy-eyed tramp who has fallen in love with a sightless flower girl accumulates money to be able to help her medically.",https://www.imdb.com/title/tt0021749/?ref_=chttp_t_55
지옥의 묵시록,1979,2h 27m,Francis Ford Coppola,"Francis Ford Coppola, John Milius, Francis Ford Coppola, Michael Herr, Martin Sheen",A U.S. Army officer serving in Vietnam is tasked with assassinating a renegade Special Forces Colonel who sees himself as a god.,https://www.imdb.com/title/tt0078788/?ref_=chttp_t_56
메멘토,2000,1h 53m,Christopher Nolan,"Christopher Nolan, Christopher Nolan, Jonathan Nolan, Guy Pearce, Carrie-Anne Moss","Leonard Shelby, an insurance investigator, suffers from anterograde amnesia and uses notes and tattoos to hunt for the man he thinks killed his wife, which is the last thing he remembers.",https://www.imdb.com/title/tt0209144/?ref_=chttp_t_57
월-E,2008,1h 38m,Andrew Stanton,"Andrew Stanton, Andrew Stanton, Pete Docter, Jim Reardon, Ben Burtt","A robot who is responsible for cleaning a waste-covered Earth meets another robot and falls in love with her. Together, they set out on a journey that will alter the fate of mankind.",https://www.imdb.com/title/tt0910970/?ref_=chttp_t_58
레이더스,1981,1h 55m,Steven Spielberg,"Steven Spielberg, Lawrence Kasdan, George Lucas, Philip Kaufman, Harrison Ford","In 1936, archaeologists and adventurers of the U.S. government hired Indiana Jones to find the Ark of the Covenant before the Nazis could obtain its extraordinary powers.",https://www.imdb.com/title/tt0082971/?ref_=chttp_t_59
타인의 삶,2006,2h 17m,Florian Henckel von Donnersmarck,"Florian Henckel von Donnersmarck, Florian Henckel von Donnersmarck, Ulrich Mühe, Martina Gedeck, Sebastian Koch","In 1984 East Berlin, an agent of the secret police conducting surveillance on a writer and his lover finds himself becoming increasingly absorbed by their lives.",https://www.imdb.com/title/tt0405094/?ref_=chttp_t_60
12th Fail,2023,2h 27m,Vidhu Vinod Chopra,"Vidhu Vinod Chopra, Vidhu Vinod Chopra, Jaskunwar Kohli, Anurag Pathak, Vikrant Massey",The real-life story of IPS Officer Manoj Kumar Sharma and IRS Officer Shraddha Joshi.,https://www.imdb.com/title/tt23849204/?ref_=chttp_t_61
어벤져스: 인피니티 워,2018,2h 29m,Anthony Russo,"Anthony Russo, Joe Russo, Christopher Markus, Stephen McFeely, Stan Lee",The Avengers and their allies must be willing to sacrifice all in an attempt to defeat the powerful Thanos before his blitz of devastation and ruin puts an end to the universe.,https://www.imdb.com/title/tt4154756/?ref_=chttp_t_62
Sunset Blvd.,1950,1h 50m,Billy Wilder,"Billy Wilder, Charles Brackett, Billy Wilder, D.M. Marshman Jr., William Holden",A screenwriter develops a dangerous relationship with a faded film star determined to make a triumphant return.,https://www.imdb.com/title/tt0043014/?ref_=chttp_t_63
스파이더맨: 뉴 유니버스,2018,1h 57m,Bob Persichetti,"Bob Persichetti, Peter Ramsey, Rodney Rothman, Phil Lord, Rodney Rothman",Teen Miles Morales becomes the Spider-Man of his universe and must join with five spider-powered individuals from other dimensions to stop a threat for all realities.,https://www.imdb.com/title/tt4633694/?ref_=chttp_t_64
Paths of Glory,1957,1h 28m,Stanley Kubrick,"Stanley Kubrick, Stanley Kubrick, Calder Willingham, Jim Thompson, Kirk Douglas",A colonel defends three of his soldiers in a court-martial after they abandon a suicidal attack.,https://www.imdb.com/title/tt0050825/?ref_=chttp_t_65
Witness for the Prosecution,1957,1h 56m,Billy Wilder,"Billy Wilder, Agatha Christie, Billy Wilder, Harry Kurnitz, Tyrone Power",A veteran British barrister must defend his client in a murder trial that has surprise after surprise.,https://www.imdb.com/title/tt0051201/?ref_=chttp_t_66
샤이닝,1980,2h 26m,Stanley Kubrick,"Stanley Kubrick, Stephen King, Stanley Kubrick, Diane Johnson, Jack Nicholson","A family heads to an isolated hotel for the winter, where a sinister presence influences the father into violence. At the same time, his psychic son sees horrifying forebodings from both the... Read all",https://www.imdb.com/title/tt0081505/?ref_=chttp_t_67
The Great Dictator,1940,2h 5m,Charles Chaplin,"Charles Chaplin, Charles Chaplin, Charles Chaplin, Paulette Goddard, Jack Oakie",Dictator Adenoid Hynkel tries to expand his empire while a poor Jewish barber tries to avoid persecution from Hynkel's regime.,https://www.imdb.com/title/tt0032553/?ref_=chttp_t_68
Aliens,1986,2h 17m,James Cameron,"James Cameron, James Cameron, David Giler, Walter Hill, Sigourney Weaver","Decades after surviving the Nostromo incident, Ellen Ripley is sent out to re-establish contact with a terraforming colony but finds herself battling the Alien Queen and her offspring.",https://www.imdb.com/title/tt0090605/?ref_=chttp_t_69
바스터즈: 거친 녀석들,2009,2h 33m,Quentin Tarantino,"Quentin Tarantino, Quentin Tarantino, Brad Pitt, Diane Kruger, Eli Roth","In Nazi-occupied France during World War II, a plan to assassinate Nazi leaders by a group of Jewish U.S. soldiers coincides with a theatre owner's vengeful plans for the same.",https://www.imdb.com/title/tt0361748/?ref_=chttp_t_70
Dakeu naiteu raijeu,2012,2h 44m,Christopher Nolan,"Christopher Nolan, Jonathan Nolan, Christopher Nolan, David S. Goyer, Christian Bale","Bane, an imposing terrorist, attacks Gotham City and disrupts its eight-year-long period of peace. This forces Bruce Wayne to come out of hiding and don the cape and cowl of Batman again.",https://www.imdb.com/title/tt1345836/?ref_=chttp_t_71
코코,2017,2h 7m,Lee Unkrich,"Lee Unkrich, Adrian Molina, Lee Unkrich, Jason Katz, Matthew Aldrich","Aspiring musician Miguel, confronted with his family's ancestral ban on music, enters the Land of the Dead to find his great-great-grandfather, a legendary singer.",https://www.imdb.com/title/tt2380307/?ref_=chttp_t_72
아마데우스,1984,2h 40m,Milos Forman,"Milos Forman, Peter Shaffer, Zdenek Mahler, F. Murray Abraham, Tom Hulce","The life, success and troubles of Wolfgang Amadeus Mozart, as told by Antonio Salieri, the contemporaneous composer who was deeply jealous of Mozart's talent and claimed to have murdered him... Read all",https://www.imdb.com/title/tt0086879/?ref_=chttp_t_73
Toy Story,1995,1h 21m,John Lasseter,"John Lasseter, John Lasseter, Pete Docter, Andrew Stanton, Tom Hanks",A cowboy doll is profoundly threatened and jealous when a new spaceman action figure supplants him as top toy in a boy's bedroom.,https://www.imdb.com/title/tt0114709/?ref_=chttp_t_74
Dr. Strangelove or: How I Learned to Stop Worrying and Love the Bomb,1964,1h 35m,Stanley Kubrick,"Stanley Kubrick, Stanley Kubrick, Terry Southern, Peter George, Peter Sellers","An unhinged American general orders a bombing attack on the Soviet Union, triggering a path to nuclear holocaust that a war room full of politicians and generals frantically tries to stop.",https://www.imdb.com/title/tt0057012/?ref_=chttp_t_75
Oldeuboi,2003,2h,Park Chan-wook,"Park Chan-wook, Garon Tsuchiya, Nobuaki Minegishi, Park Chan-wook, Choi Min-sik","After being kidnapped and imprisoned for fifteen years, Oh Dae-Su is released, only to find that he must track down his captor in five days.",https://www.imdb.com/title/tt0364569/?ref_=chttp_t_76
어벤져스: 엔드게임,2019,3h 1m,Anthony Russo,"Anthony Russo, Joe Russo, Christopher Markus, Stephen McFeely, Stan Lee","After the devastating events of 어벤져스: 인피니티 워 (2018), the universe is in ruins. With the help of remaining allies, the Avengers assemble once more in order to reverse Thanos' actions and rest... Read all",https://www.imdb.com/title/tt4154796/?ref_=chttp_t_77
아메리칸 뷰티,1999,2h 2m,Sam Mendes,"Sam Mendes, Alan Ball, Kevin Spacey, Annette Bening, Thora Birch",A sexually frustrated suburban father has a mid-life crisis after becoming infatuated with his daughter's best friend.,https://www.imdb.com/title/tt0169547/?ref_=chttp_t_78
굿 윌 헌팅,1997,2h 6m,Gus Van Sant,"Gus Van Sant, Matt Damon, Ben Affleck, Robin Williams, Matt Damon","Will Hunting, a janitor at MIT, has a gift for mathematics, but needs help from a psychologist to find direction in his life.",https://www.imdb.com/title/tt0119217/?ref_=chttp_t_79
The Boat,1981,2h 29m,Wolfgang Petersen,"Wolfgang Petersen, Wolfgang Petersen, Lothar G. Buchheim, Jürgen Prochnow, Herbert Grönemeyer",A German U-boat stalks the frigid waters of the North Atlantic as its young crew experience the sheer terror and claustrophobic life of a submariner in World War II.,https://www.imdb.com/title/tt0082096/?ref_=chttp_t_80
Braveheart,1995,2h 58m,Mel Gibson,"Mel Gibson, Randall Wallace, Mel Gibson, Sophie Marceau, Patrick McGoohan",Scottish warrior William Wallace leads his countrymen in a rebellion to free his homeland from the tyranny of King Edward I of England.,https://www.imdb.com/title/tt0112573/?ref_=chttp_t_81
Mononoke-hime,1997,2h 13m,Hayao Miyazaki,"Hayao Miyazaki, Hayao Miyazaki, Yôji Matsuda, Yuriko Ishida, Yûko Tanaka","On a journey to find the cure for a Tatarigami's curse, Ashitaka finds himself in the middle of a war between the forest gods and Tatara, a mining colony. In this quest he also meets San, th... Read all",https://www.imdb.com/title/tt0119698/?ref_=chttp_t_82
Neoui Ileum-eun.,2016,1h 46m,Makoto Shinkai,"Makoto Shinkai, Makoto Shinkai, Ryunosuke Kamiki, Mone Kamishiraishi, Ryo Narita","Two teenagers share a profound, magical connection upon discovering they are swapping bodies. Things manage to become even more complicated when the boy and girl decide to meet in person.",https://www.imdb.com/title/tt5311514/?ref_=chttp_t_83
천국과 지옥,1963,2h 23m,Akira Kurosawa,"Akira Kurosawa, Hideo Oguni, Ryûzô Kikushima, Eijirô Hisaita, Toshirô Mifune",An executive of a Yokohama shoe company becomes a victim of extortion when his chauffeur's son is kidnapped by mistake and held for ransom.,https://www.imdb.com/title/tt0057565/?ref_=chttp_t_84
조커,2019,2h 2m,Todd Phillips,"Todd Phillips, Todd Phillips, Scott Silver, Bob Kane, Joaquin Phoenix","Arthur Fleck, a party clown and a failed stand-up comedian, leads an impoverished life with his ailing mother. However, when society shuns him and brands him as a freak, he decides to embrac... Read all",https://www.imdb.com/title/tt7286456/?ref_=chttp_t_85
세 얼간이,2009,2h 50m,Rajkumar Hirani,"Rajkumar Hirani, Abhijat Joshi, Rajkumar Hirani, Vidhu Vinod Chopra, Aamir Khan","Two friends are searching for their long lost companion. They revisit their college days and recall the memories of their friend who inspired them to think differently, even as the rest of t... Read all",https://www.imdb.com/title/tt1187043/?ref_=chttp_t_86
원스 어폰 어 타임 인 아메리카,1984,3h 49m,Sergio Leone,"Sergio Leone, Harry Grey, Leonardo Benvenuti, Piero De Bernardi, Robert De Niro","A former Prohibition-era Jewish gangster returns to the Lower East Side of Manhattan 35 years later, where he must once again confront the ghosts and regrets of his old life.",https://www.imdb.com/title/tt0087843/?ref_=chttp_t_87
사랑은 비를 타고,1952,1h 43m,Stanley Donen,"Stanley Donen, Gene Kelly, Betty Comden, Adolph Green, Gene Kelly",A silent film star falls for a chorus girl just as he and his delusionally jealous screen partner are trying to make the difficult transition to talking pictures in 1920s Hollywood.,https://www.imdb.com/title/tt0045152/?ref_=chttp_t_88
가버나움,2018,2h 6m,Nadine Labaki,"Nadine Labaki, Nadine Labaki, Jihad Hojeily, Michelle Keserwany, Zain Al Rafeea","While serving a five-year sentence for a violent crime, a 12-year-old boy sues his parents for neglect.",https://www.imdb.com/title/tt8267604/?ref_=chttp_t_89
컴 앤 씨,1985,2h 22m,Elem Klimov,"Elem Klimov, Ales Adamovich, Elem Klimov, Aleksey Kravchenko, Olga Mironova","After finding an old rifle, a young boy joins the Soviet resistance movement against ruthless German forces and experiences the horrors of World War II.",https://www.imdb.com/title/tt0091251/?ref_=chttp_t_90
레퀴엠,2000,1h 42m,Darren Aronofsky,"Darren Aronofsky, Hubert Selby Jr., Darren Aronofsky, Ellen Burstyn, Jared Leto",The drug-induced utopias of four Coney Island people are shattered when their addictions run deep.,https://www.imdb.com/title/tt0180093/?ref_=chttp_t_91
토이 스토리 3,2010,1h 43m,Lee Unkrich,"Lee Unkrich, John Lasseter, Andrew Stanton, Lee Unkrich, Tom Hanks","The toys are mistakenly delivered to a day-care center instead of the attic right before Andy leaves for college, and it's up to Woody to convince the other toys that they weren't abandoned ... Read all",https://www.imdb.com/title/tt0435761/?ref_=chttp_t_92
Star Wars: Episode VI - Return of the Jedi,1983,2h 11m,Richard Marquand,"Richard Marquand, Lawrence Kasdan, George Lucas, Mark Hamill, Harrison Ford","After rescuing Han Solo from Jabba the Hutt, the Rebel Alliance attempts to destroy the second Death Star while Luke struggles to help Darth Vader back from the dark side.",https://www.imdb.com/title/tt0086190/?ref_=chttp_t_93
더 헌트,2012,1h 55m,Thomas Vinterberg,"Thomas Vinterberg, Thomas Vinterberg, Tobias Lindholm, Mads Mikkelsen, Thomas Bo Larsen","A teacher lives a lonely life, all the while struggling over his son's custody. His life slowly gets better as he finds love and receives good news from his son, but his new luck is about to... Read all",https://www.imdb.com/title/tt2106476/?ref_=chttp_t_94
이터널 선샤인,2004,1h 48m,Michel Gondry,"Michel Gondry, Charlie Kaufman, Michel Gondry, Pierre Bismuth, Jim Carrey","When their relationship turns sour, a couple undergoes a medical procedure to have each other erased from their memories forever.",https://www.imdb.com/title/tt0338013/?ref_=chttp_t_95
이키루,1952,2h 23m,Akira Kurosawa,"Akira Kurosawa, Akira Kurosawa, Shinobu Hashimoto, Hideo Oguni, Takashi Shimura",A bureaucrat tries to find meaning in his life after he discovers he has terminal cancer.,https://www.imdb.com/title/tt0044741/?ref_=chttp_t_96
2001: A Space Odyssey,1968,2h 29m,Stanley Kubrick,"Stanley Kubrick, Stanley Kubrick, Arthur C. Clarke, Keir Dullea, Gary Lockwood","When a mysterious artifact is uncovered on the Moon, a spacecraft manned by two humans and one supercomputer is sent to Jupiter to find its origins.",https://www.imdb.com/title/tt0062622/?ref_=chttp_t_97
저수지의 개들,1992,1h 39m,Quentin Tarantino,"Quentin Tarantino, Quentin Tarantino, Roger Avary, Harvey Keitel, Tim Roth","When a simple jewelry heist goes horribly wrong, the surviving criminals begin to suspect that one of them is a police informant.",https://www.imdb.com/title/tt0105236/?ref_=chttp_t_98
Lawrence of Arabia,1962,3h 47m,David Lean,"David Lean, Robert Bolt, Michael Wilson, Peter O'Toole, Alec Guinness","The story of T.E. Lawrence, the English officer who successfully united and led the diverse, often warring, Arab tribes during World War I in order to fight the Turks.",https://www.imdb.com/title/tt0056172/?ref_=chttp_t_99
The Apartment,1960,2h 5m,Billy Wilder,"Billy Wilder, Billy Wilder, I.A.L. Diamond, Jack Lemmon, Shirley MacLaine","A Manhattan insurance clerk tries to rise in his company by letting its executives use his apartment for trysts, but office politics and his own romantic hopes complicate matters.",https://www.imdb.com/title/tt0053604/?ref_=chttp_t_100
그을린 사랑,2010,2h 11m,Denis Villeneuve,"Denis Villeneuve, Wajdi Mouawad, Denis Villeneuve, Valérie Beaugrand-Champagne, Lubna Azabal",Twins journey to the Middle East to discover their family history and fulfill their mother's last wishes.,https://www.imdb.com/title/tt1255953/?ref_=chttp_t_101
스카페이스,1983,2h 50m,Brian De Palma,"Brian De Palma, Oliver Stone, Howard Hawks, Ben Hecht, Al Pacino","Miami in the 1980s: a determined criminal-minded Cuban immigrant becomes the biggest drug smuggler in Florida, and is eventually undone by his own drug addiction.",https://www.imdb.com/title/tt0086250/?ref_=chttp_t_102
Bugbugseolo Jinloleul Dollyeola,1959,2h 16m,Alfred Hitchcock,"Alfred Hitchcock, Ernest Lehman, Gerald Devriès, Cary Grant, Eva Marie Saint","A New York City advertising executive goes on the run after being mistaken for a government agent by a group of foreign spies, and falls for a woman whose loyalties he begins to doubt.",https://www.imdb.com/title/tt0053125/?ref_=chttp_t_103
Double Indemnity,1944,1h 47m,Billy Wilder,"Billy Wilder, Billy Wilder, Raymond Chandler, James M. Cain, Fred MacMurray","An insurance representative is seduced by a dissatisfied housewife into a scheme of insurance fraud and murder that arouses the suspicion of his colleague, a claims investigator.",https://www.imdb.com/title/tt0036775/?ref_=chttp_t_104
시민 케인,1941,1h 59m,Orson Welles,"Orson Welles, Herman J. Mankiewicz, Orson Welles, John Houseman, Orson Welles","Following the death of publishing tycoon Charles Foster Kane, reporters scramble to uncover the meaning of his final utterance: 'Rosebud.'",https://www.imdb.com/title/tt0033467/?ref_=chttp_t_105
M - Eine Stadt sucht einen Mörder,1931,1h 57m,Fritz Lang,"Fritz Lang, Thea von Harbou, Fritz Lang, Egon Jacobsohn, Peter Lorre","When the police in a German city are unable to catch a child-murderer, other criminals join in the manhunt.",https://www.imdb.com/title/tt0022100/?ref_=chttp_t_106
히트,1995,2h 50m,Michael Mann,"Michael Mann, Michael Mann, Al Pacino, Robert De Niro, Val Kilmer",A group of high-end professional thieves start to feel the heat from the LAPD when they unknowingly leave a verbal clue at their latest heist.,https://www.imdb.com/title/tt0113277/?ref_=chttp_t_107
Hyeongijeung,1958,2h 8m,Alfred Hitchcock,"Alfred Hitchcock, Alec Coppel, Samuel A. Taylor, Pierre Boileau, James Stewart","A former San Francisco police detective juggles wrestling with his personal demons and becoming obsessed with the hauntingly beautiful woman he has been hired to trail, who may be deeply dis... Read all",https://www.imdb.com/title/tt0052357/?ref_=chttp_t_108
Metal jaket,1987,1h 56m,Stanley Kubrick,"Stanley Kubrick, Stanley Kubrick, Michael Herr, Gustav Hasford, Matthew Modine",A pragmatic U.S. Marine observes the dehumanizing effects the Vietnam War has on his fellow recruits from their brutal boot camp training to the bloody street fighting in Hue.,https://www.imdb.com/title/tt0093058/?ref_=chttp_t_109
업,2009,1h 36m,Pete Docter,"Pete Docter, Bob Peterson, Pete Docter, Bob Peterson, Tom McCarthy","78-year-old Carl Fredricksen travels to South America in his house equipped with balloons, inadvertently taking a young stowaway.",https://www.imdb.com/title/tt1049413/?ref_=chttp_t_110
Oppenheimer,2023,3h,Christopher Nolan,"Christopher Nolan, Christopher Nolan, Kai Bird, Martin Sherwin, Cillian Murphy","A dramatization of the life story of J. Robert Oppenheimer, the physicist who had a large hand in the development of the atomic bombs that brought an end to World War II.",https://www.imdb.com/title/tt15398776/?ref_=chttp_t_111
아멜리에,2001,2h 2m,Jean-Pierre Jeunet,"Jean-Pierre Jeunet, Guillaume Laurant, Jean-Pierre Jeunet, Audrey Tautou, Mathieu Kassovitz","Despite being caught in her imaginative world, young waitress Amelie decides to help people find happiness. Her quest to spread joy leads her on a journey during which she finds true love.",https://www.imdb.com/title/tt0211915/?ref_=chttp_t_112
시계태엽 오렌지,1971,2h 16m,Stanley Kubrick,"Stanley Kubrick, Stanley Kubrick, Anthony Burgess, Malcolm McDowell, Patrick Magee",Alex DeLarge and his droogs barbarize a decaying near-future.,https://www.imdb.com/title/tt0066921/?ref_=chttp_t_113
To Kill a Mockingbird,1962,2h 9m,Robert Mulligan,"Robert Mulligan, Harper Lee, Horton Foote, Gregory Peck, John Megna",A widowed lawyer in Depression-era Alabama defends a black man against a false rape charge while teaching his young children about the sad reality of prejudice.,https://www.imdb.com/title/tt0056592/?ref_=chttp_t_114
Jodaeiye Nader az Simin,2011,2h 3m,Asghar Farhadi,"Asghar Farhadi, Asghar Farhadi, Payman Maadi, Leila Hatami, Sareh Bayat",A married couple are faced with a difficult decision - to improve the life of their child by moving to another country or to stay in Iran and look after a deteriorating parent who has Alzhei... Read all,https://www.imdb.com/title/tt1832382/?ref_=chttp_t_115
The Sting,1973,2h 9m,George Roy Hill,"George Roy Hill, David S. Ward, Paul Newman, Robert Redford, Robert Shaw",Two grifters team up to pull off the ultimate con.,https://www.imdb.com/title/tt0070735/?ref_=chttp_t_116
다이 하드,1988,2h 12m,John McTiernan,"John McTiernan, Roderick Thorp, Jeb Stuart, Steven E. de Souza, Bruce Willis",A New York City police officer tries to save his estranged wife and several others taken hostage by terrorists during a Christmas party at the Nakatomi Plaza in Los Angeles.,https://www.imdb.com/title/tt0095016/?ref_=chttp_t_117
Like Stars on Earth,2007,2h 42m,Aamir Khan,"Aamir Khan, Amole Gupte, Amole Gupte, Darsheel Safary, Aamir Khan",A young boy is thought to be nothing but a lazy troublemaker until the new art teacher has the patience and compassion to discover the real problem behind his struggles in school.,https://www.imdb.com/title/tt0986264/?ref_=chttp_t_118
Indiana Jones and the Last Crusade,1989,2h 7m,Steven Spielberg,"Steven Spielberg, Jeffrey Boam, George Lucas, Menno Meyjes, Harrison Ford","In 1938, after his father goes missing while pursuing the Holy Grail, Indiana Jones finds himself up against the Nazis again to stop them from obtaining its powers.",https://www.imdb.com/title/tt0097576/?ref_=chttp_t_119
Metropolis,1927,2h 33m,Fritz Lang,"Fritz Lang, Thea von Harbou, Fritz Lang, Brigitte Helm, Alfred Abel","In a futuristic city sharply divided between the working class and the city planners, the son of the city's mastermind falls in love with a working-class prophet who predicts the coming of a... Read all",https://www.imdb.com/title/tt0017136/?ref_=chttp_t_120
Snatch,2000,1h 44m,Guy Ritchie,"Guy Ritchie, Guy Ritchie, Jason Statham, Brad Pitt, Stephen Graham","Unscrupulous boxing promoters, violent bookmakers, a Russian gangster, incompetent amateur robbers and supposedly Jewish jewelers fight to track down a priceless stolen diamond.",https://www.imdb.com/title/tt0208092/?ref_=chttp_t_121
1917,2019,1h 59m,Sam Mendes,"Sam Mendes, Sam Mendes, Krysty Wilson-Cairns, Dean-Charles Chapman, George MacKay","April 6th, 1917. As an infantry battalion assembles to wage war deep in enemy territory, two soldiers are assigned to race against time and deliver a message that will stop 1,600 men from wa... Read all",https://www.imdb.com/title/tt8579674/?ref_=chttp_t_122
L.A. Confidential,1997,2h 18m,Curtis Hanson,"Curtis Hanson, James Ellroy, Brian Helgeland, Curtis Hanson, Kevin Spacey","As corruption grows in 1950s Los Angeles, three policemen - one strait-laced, one brutal, and one sleazy - investigate a series of murders with their own brand of justice.",https://www.imdb.com/title/tt0119488/?ref_=chttp_t_123
Bicycle Thieves,1948,1h 29m,Vittorio De Sica,"Vittorio De Sica, Cesare Zavattini, Luigi Bartolini, Oreste Biancoli, Lamberto Maggiorani","In post-war Italy, a working-class man's bicycle is stolen, endangering his efforts to find work. He and his son set out to find it.",https://www.imdb.com/title/tt0040522/?ref_=chttp_t_124
Downfall,2004,2h 36m,Oliver Hirschbiegel,"Oliver Hirschbiegel, Bernd Eichinger, Joachim Fest, Traudl Junge, Bruno Ganz","Traudl Junge, the final secretary for Adolf Hitler, tells of the Nazi dictator's final days in his Berlin bunker at the end of WWII.",https://www.imdb.com/title/tt0363163/?ref_=chttp_t_125
Taxi Driver,1976,1h 54m,Martin Scorsese,"Martin Scorsese, Paul Schrader, Robert De Niro, Jodie Foster, Cybill Shepherd","A mentally unstable veteran works as a nighttime taxi driver in New York City, where the perceived decadence and sleaze fuels his urge for violent action.",https://www.imdb.com/title/tt0075314/?ref_=chttp_t_126
Hamilton,2020,2h 40m,Thomas Kail,"Thomas Kail, Lin-Manuel Miranda, Ron Chernow, Lin-Manuel Miranda, Phillipa Soo","The real life of one of America's foremost founding fathers and first Secretary of the Treasury, Alexander Hamilton. Captured live on Broadway from the Richard Rodgers Theater with the origi... Read all",https://www.imdb.com/title/tt8503618/?ref_=chttp_t_127
Dangal,2016,2h 41m,Nitesh Tiwari,"Nitesh Tiwari, Piyush Gupta, Shreyas Jain, Nikhil Mehrotra, Aamir Khan","Mahavir Singh Phogat, a former wrestler, decides to fulfill his dream of winning a gold medal for his country by training his daughters for the Commonwealth Games despite the existing social... Read all",https://www.imdb.com/title/tt5074352/?ref_=chttp_t_128
더 울프 오브 월 스트리트,2013,3h,Martin Scorsese,"Martin Scorsese, Terence Winter, Jordan Belfort, Leonardo DiCaprio, Jonah Hill","Based on the true story of Jordan Belfort, from his rise to a wealthy stock-broker living the high life to his fall involving crime, corruption and the federal government.",https://www.imdb.com/title/tt0993846/?ref_=chttp_t_129
배트맨 비긴즈,2005,2h 20m,Christopher Nolan,"Christopher Nolan, Bob Kane, David S. Goyer, Christopher Nolan, Christian Bale","After witnessing his parents' death, Bruce learns the art of fighting to confront injustice. When he returns to Gotham as Batman, he must stop a secret society that intends to destroy the ci... Read all",https://www.imdb.com/title/tt0372784/?ref_=chttp_t_130
For a Few Dollars More,1965,2h 12m,Sergio Leone,"Sergio Leone, Sergio Leone, Fulvio Morsella, Luciano Vincenzoni, Clint Eastwood",Two bounty killers with similar intentions but different motivations team up to track down a psychotic Mexican outlaw before he and his gang can carry out an audacious bank robbery.,https://www.imdb.com/title/tt0059578/?ref_=chttp_t_131
그린 북,2018,2h 10m,Peter Farrelly,"Peter Farrelly, Nick Vallelonga, Brian Hayes Currie, Peter Farrelly, Viggo Mortensen",A working-class Italian-American bouncer becomes the driver for an African-American classical pianist on a tour of venues through the 1960s American South.,https://www.imdb.com/title/tt6966692/?ref_=chttp_t_132
Some Like It Hot,1959,2h 1m,Billy Wilder,"Billy Wilder, Billy Wilder, I.A.L. Diamond, Robert Thoeren, Marilyn Monroe","After two male musicians witness a mob hit, they flee the state in an all-female band disguised as women, but further complications set in.",https://www.imdb.com/title/tt0053291/?ref_=chttp_t_133
트루먼 쇼,1998,1h 43m,Peter Weir,"Peter Weir, Andrew Niccol, Jim Carrey, Ed Harris, Laura Linney",An insurance salesman discovers his whole life is actually a reality TV show.,https://www.imdb.com/title/tt0120382/?ref_=chttp_t_134
뉘른베르크의 재판,1961,2h 59m,Stanley Kramer,"Stanley Kramer, Abby Mann, Montgomery Clift, Charles Dorat, Spencer Tracy","Fictionalized depiction of the 1947 Judges' Trial, the third of twelve trials of Nazi war criminals conducted by the American occupying forces in Nuremberg, Germany, in which former judges o... Read all",https://www.imdb.com/title/tt0055031/?ref_=chttp_t_135
The Kid,1921,1h 8m,Charles Chaplin,"Charles Chaplin, Charles Chaplin, Charles Chaplin, Edna Purviance, Jackie Coogan","The Tramp cares for an abandoned child, but events put their relationship in jeopardy.",https://www.imdb.com/title/tt0012349/?ref_=chttp_t_136
더 파더,2020,1h 37m,Florian Zeller,"Florian Zeller, Christopher Hampton, Florian Zeller, Anthony Hopkins, Olivia Colman","A man refuses all assistance from his daughter as he ages. As he tries to make sense of his changing circumstances, he begins to doubt his loved ones, his own mind and even the fabric of his... Read all",https://www.imdb.com/title/tt10272386/?ref_=chttp_t_137
셔터 아일랜드,2010,2h 18m,Martin Scorsese,"Martin Scorsese, Laeta Kalogridis, Dennis Lehane, Leonardo DiCaprio, Emily Mortimer",Two US marshals are sent to a mental institution on an inhospitable island in order to investigate the disappearance of a patient.,https://www.imdb.com/title/tt1130884/?ref_=chttp_t_138
Eveeui Modeun Gut,1950,2h 18m,Joseph L. Mankiewicz,"Joseph L. Mankiewicz, Joseph L. Mankiewicz, Mary Orr, Bette Davis, Anne Baxter",A seemingly timid but secretly ruthless ingénue insinuates herself into the lives of an aging Broadway star and her circle of theater friends.,https://www.imdb.com/title/tt0042192/?ref_=chttp_t_139
데어 윌 비 블러드,2007,2h 38m,Paul Thomas Anderson,"Paul Thomas Anderson, Paul Thomas Anderson, Upton Sinclair, Daniel Day-Lewis, Paul Dano","A story of family, religion, hatred, oil and madness, focusing on a turn-of-the-century prospector in the early days of the business.",https://www.imdb.com/title/tt0469494/?ref_=chttp_t_140
Jyuragi gongwon,1993,2h 7m,Steven Spielberg,"Steven Spielberg, Michael Crichton, David Koepp, Sam Neill, Laura Dern","An industrialist invites some experts to visit his theme park of cloned dinosaurs. After a power failure, the creatures run loose, putting everyone's lives, including his grandchildren's, in... Read all",https://www.imdb.com/title/tt0107290/?ref_=chttp_t_141
카지노,1995,2h 58m,Martin Scorsese,"Martin Scorsese, Nicholas Pileggi, Martin Scorsese, Robert De Niro, Sharon Stone","In Las Vegas, two best friends--a casino executive and a Mafia enforcer--compete for a gambling empire and a fast-living, fast-loving socialite.",https://www.imdb.com/title/tt0112641/?ref_=chttp_t_142
탑건: 매버릭,2022,2h 10m,Joseph Kosinski,"Joseph Kosinski, Jim Cash, Jack Epps Jr., Peter Craig, Tom Cruise","The story involves Maverick confronting his past while training a group of younger Top Gun graduates, including the son of his deceased best friend, for a dangerous mission.",https://www.imdb.com/title/tt1745960/?ref_=chttp_t_143
식스 센스,1999,1h 47m,M. Night Shyamalan,"M. Night Shyamalan, M. Night Shyamalan, Bruce Willis, Haley Joel Osment, Toni Collette",A child psychologist starts treating a young boy with a disturbing secret.,https://www.imdb.com/title/tt0167404/?ref_=chttp_t_144
Ran,1985,2h 40m,Akira Kurosawa,"Akira Kurosawa, Akira Kurosawa, Hideo Oguni, Masato Ide, Tatsuya Nakadai","In Medieval Japan, an elderly warlord retires, handing over his empire to his three sons. However, he vastly underestimates how the new-found power will corrupt them and cause them to turn o... Read all",https://www.imdb.com/title/tt0089881/?ref_=chttp_t_145
판의 미로 - 오필리아와 세 개의 열쇠,2006,1h 58m,Guillermo del Toro,"Guillermo del Toro, Guillermo del Toro, Ivana Baquero, Ariadna Gil, Sergi López","In 1944 Spain, a girl is sent to live with her ruthless stepfather. During the night, she meets a fairy who takes her to an old faun. He tells her she's a princess, but must prove her royalt... Read all",https://www.imdb.com/title/tt0457430/?ref_=chttp_t_146
노인을 위한 나라는 없다,2007,2h 2m,Ethan Coen,"Ethan Coen, Joel Coen, Joel Coen, Ethan Coen, Cormac McCarthy",Violence and mayhem ensue after a hunter stumbles upon the aftermath of a drug deal gone wrong and over two million dollars in cash near the Rio Grande.,https://www.imdb.com/title/tt0477348/?ref_=chttp_t_147
Unforgiven,1992,2h 10m,Clint Eastwood,"Clint Eastwood, David Webb Peoples, Clint Eastwood, Gene Hackman, Morgan Freeman",Retired Old West gunslinger Will Munny reluctantly takes on one last job to avenge an injustice with the help of his old partner and a newer outlaw known simply as The Schofield Kid.,https://www.imdb.com/title/tt0105695/?ref_=chttp_t_148
The Thing,1982,1h 49m,John Carpenter,"John Carpenter, Bill Lancaster, John W. Campbell Jr., Kurt Russell, Wilford Brimley",A research team in Antarctica is hunted by a shape-shifting alien that assumes the appearance of its victims.,https://www.imdb.com/title/tt0084787/?ref_=chttp_t_149
A Beautiful Mind,2001,2h 15m,Ron Howard,"Ron Howard, Akiva Goldsman, Sylvia Nasar, Russell Crowe, Ed Harris","A mathematical genius, John Nash made an astonishing discovery early in his career and stood on the brink of international acclaim. But the handsome and arrogant Nash soon found himself on a... Read all",https://www.imdb.com/title/tt0268978/?ref_=chttp_t_150
킬 빌,2003,1h 51m,Quentin Tarantino,"Quentin Tarantino, Quentin Tarantino, Uma Thurman, Uma Thurman, David Carradine","After waking from a four-year coma, a former assassin wreaks vengeance on the team of assassins who betrayed her.",https://www.imdb.com/title/tt0266697/?ref_=chttp_t_151
The Treasure of the Sierra Madre,1948,2h 6m,John Huston,"John Huston, John Huston, B. Traven, Charles Dorat, Humphrey Bogart",Two down-on-their-luck Americans searching for work in 1920s Mexico convince an old prospector to help them mine for gold in the Sierra Madre Mountains.,https://www.imdb.com/title/tt0040897/?ref_=chttp_t_152
Yôjinbô,1961,1h 50m,Akira Kurosawa,"Akira Kurosawa, Akira Kurosawa, Ryûzô Kikushima, Toshirô Mifune, Eijirô Tôno",A crafty ronin comes to a town divided by two criminal gangs and decides to play them against each other to free the town.,https://www.imdb.com/title/tt0055630/?ref_=chttp_t_153
The Wild Robot,2024,1h 42m,Chris Sanders,"Chris Sanders, Chris Sanders, Peter Brown, Lupita Nyong'o, Pedro Pascal","After a shipwreck, an intelligent robot called Roz is stranded on an uninhabited island. To survive the harsh environment, Roz bonds with the island's animals and cares for an orphaned baby ... Read all",https://www.imdb.com/title/tt29623480/?ref_=chttp_t_154
프리즈너스,2013,2h 33m,Denis Villeneuve,"Denis Villeneuve, Aaron Guzikowski, Hugh Jackman, Jake Gyllenhaal, Viola Davis","Keller Dover is facing every parent's worst nightmare. His six-year-old daughter, Anna, is missing, together with her friend, Joy, and as minutes turn to hours, panic sets in. The only lead ... Read all",https://www.imdb.com/title/tt1392214/?ref_=chttp_t_155
Finding Nemo,2003,1h 40m,Andrew Stanton,"Andrew Stanton, Lee Unkrich, Andrew Stanton, Bob Peterson, David Reynolds","After his son is captured in the Great Barrier Reef and taken to Sydney, a timid clownfish sets out on a journey to bring him home.",https://www.imdb.com/title/tt0266543/?ref_=chttp_t_156
The Great Escape,1963,2h 52m,John Sturges,"John Sturges, Paul Brickhill, James Clavell, W.R. Burnett, Steve McQueen",Allied prisoners of war plan for several hundred of their men to escape from a German camp during World War II.,https://www.imdb.com/title/tt0057115/?ref_=chttp_t_157
Monty Python and the Holy Grail,1975,1h 31m,Terry Gilliam,"Terry Gilliam, Terry Jones, Graham Chapman, John Cleese, Eric Idle","King Arthur and his Knights of the Round Table embark on a surreal, low-budget search for the Holy Grail, encountering many, very silly obstacles.",https://www.imdb.com/title/tt0071853/?ref_=chttp_t_158
Howlui umjikineun seong,2004,1h 59m,Hayao Miyazaki,"Hayao Miyazaki, Hayao Miyazaki, Diana Wynne Jones, Chieko Baishô, Takuya Kimura","When an unconfident young woman is cursed with an old body by a spiteful witch, her only chance of breaking the spell lies with a self-indulgent yet insecure young wizard and his companions ... Read all",https://www.imdb.com/title/tt0347149/?ref_=chttp_t_159
The Elephant Man,1980,2h 4m,David Lynch,"David Lynch, Christopher De Vore, Eric Bergren, David Lynch, Anthony Hopkins","A Victorian surgeon rescues a heavily disfigured man who is mistreated while scraping a living as a side-show freak. Behind his monstrous façade, there is revealed a person of kindness, inte... Read all",https://www.imdb.com/title/tt0080678/?ref_=chttp_t_160
라쇼몽,1950,1h 28m,Akira Kurosawa,"Akira Kurosawa, Ryûnosuke Akutagawa, Akira Kurosawa, Shinobu Hashimoto, Toshirô Mifune","The rape of a bride and the murder of her samurai husband are recalled from the perspectives of a bandit, the bride, the samurai's ghost and a woodcutter.",https://www.imdb.com/title/tt0042876/?ref_=chttp_t_161
Dial M for Murder,1954,1h 45m,Alfred Hitchcock,"Alfred Hitchcock, Frederick Knott, Charles Dorat, Ray Milland, Grace Kelly",A former tennis star arranges the murder of his adulterous wife.,https://www.imdb.com/title/tt0046912/?ref_=chttp_t_162
바람과 함께 사라지다,1939,3h 58m,Victor Fleming,"Victor Fleming, George Cukor, Sam Wood, Margaret Mitchell, Sidney Howard",A sheltered and manipulative Southern belle and a roguish profiteer face off in a turbulent romance as the society around them crumbles with the end of slavery and is rebuilt during the Civi... Read all,https://www.imdb.com/title/tt0031381/?ref_=chttp_t_163
Chinatown,1974,2h 10m,Roman Polanski,"Roman Polanski, Robert Towne, Roman Polanski, Jack Nicholson, Faye Dunaway","A private detective hired to expose an adulterer in 1930s Los Angeles finds himself caught up in a web of deceit, corruption, and murder.",https://www.imdb.com/title/tt0071315/?ref_=chttp_t_164
El Sikeuleto: Bimil-ui Nundongja,2009,2h 9m,Juan José Campanella,"Juan José Campanella, Eduardo Sacheri, Juan José Campanella, Ricardo Darín, Soledad Villamil",A retired legal counselor writes a novel hoping to find closure for one of his past unresolved homicide cases and for his unreciprocated love with his superior - both of which still haunt hi... Read all,https://www.imdb.com/title/tt1305806/?ref_=chttp_t_165
"Lock, Stock and Two Smoking Barrels",1998,1h 47m,Guy Ritchie,"Guy Ritchie, Guy Ritchie, Jason Flemyng, Dexter Fletcher, Nick Moran","When four small-time criminals lose a rigged poker game against a London kingpin, he gives them one week to settle their enormous debt.",https://www.imdb.com/title/tt0120735/?ref_=chttp_t_166
인사이드 아웃,2015,1h 41m,Pete Docter,"Pete Docter, Ronnie Del Carmen, Pete Docter, Ronnie Del Carmen, Meg LeFauve","After young Riley is uprooted from her Midwest life and moved to San Francisco, her emotions - Joy, Fear, Anger, Disgust and Sadness - conflict on how best to navigate a new city, house, and... Read all",https://www.imdb.com/title/tt2096673/?ref_=chttp_t_167
브이 포 벤데타,2005,2h 12m,James McTeigue,"James McTeigue, Lilly Wachowski, Lana Wachowski, David Lloyd, Hugo Weaving","In a future British dystopian society, a shadowy freedom fighter, known only by the alias of ""V"", plots to overthrow the tyrannical government - with the help of a young woman.",https://www.imdb.com/title/tt0434409/?ref_=chttp_t_168
쓰리 빌보드,2017,1h 55m,Martin McDonagh,"Martin McDonagh, Martin McDonagh, Frances McDormand, Woody Harrelson, Sam Rockwell",A mother personally challenges the local authorities to solve her daughter's murder when they fail to catch the culprit.,https://www.imdb.com/title/tt5027774/?ref_=chttp_t_169
클라우스,2019,1h 36m,Sergio Pablos,"Sergio Pablos, Carlos Martínez López, Sergio Pablos, Jim Mahoney, Zach Lewis","A simple act of kindness always sparks another, even in a frozen, faraway place. When Smeerensburg's new postman, Jesper, befriends toymaker Klaus, their gifts melt an age-old feud and deliv... Read all",https://www.imdb.com/title/tt4729430/?ref_=chttp_t_170
Raging Bull,1980,2h 9m,Martin Scorsese,"Martin Scorsese, Jake LaMotta, Joseph Carter, Peter Savage, Robert De Niro","The life of boxer Jake LaMotta, whose violence and temper that led him to the top in the ring destroyed his life outside of it.",https://www.imdb.com/title/tt0081398/?ref_=chttp_t_171
귀멸의 칼날: 장구저택 편,2021,1h 27m,Haruo Sotozaki,"Haruo Sotozaki, Koyoharu Gotouge, Haruo Sotozaki, Koyoharu Gotouge, September 18, 2021 (Japan)",Tanjiro ventures to the south-southeast where he encounters a cowardly young man named Zenitsu Agatsuma. He is a fellow survivor from Final Selection and his sparrow asks Tanjiro to help kee... Read all,https://www.imdb.com/title/tt16492678/?ref_=chttp_t_172
Trainspotting,1996,1h 33m,Danny Boyle,"Danny Boyle, Irvine Welsh, John Hodge, Ewan McGregor, Ewen Bremner","Renton, deeply immersed in the Edinburgh drug scene, tries to clean up and get out despite the allure of drugs and the influence of friends.",https://www.imdb.com/title/tt0117951/?ref_=chttp_t_173
The Bridge on the River Kwai,1957,2h 41m,David Lean,"David Lean, Pierre Boulle, Carl Foreman, Michael Wilson, William Holden","British POWs are forced to build a railway bridge across the river Kwai for their Japanese captors in occupied Burma, not knowing that the allied forces are planning a daring commando raid t... Read all",https://www.imdb.com/title/tt0050212/?ref_=chttp_t_174
캐치 미 이프 유 캔,2002,2h 21m,Steven Spielberg,"Steven Spielberg, Frank Abagnale Jr., Stan Redding, Jeff Nathanson, Leonardo DiCaprio","Barely 17 yet, Frank is a skilled forger who has passed as a doctor, lawyer and pilot. FBI agent Carl becomes obsessed with tracking down the con man, who only revels in the pursuit.",https://www.imdb.com/title/tt0264464/?ref_=chttp_t_175
파고,1996,1h 38m,Joel Coen,"Joel Coen, Ethan Coen, Ethan Coen, Joel Coen, William H. Macy",Minnesota car salesman Jerry Lundegaard's inept crime falls apart due to his and his henchmen's bungling and the persistent police work of the quite pregnant Marge Gunderson.,https://www.imdb.com/title/tt0116282/?ref_=chttp_t_176
Warrior,2011,2h 20m,Gavin O'Connor,"Gavin O'Connor, Gavin O'Connor, Anthony Tambakis, Cliff Dorfman, Tom Hardy","The youngest son of an alcoholic former boxer returns home, where he's trained by his father for competition in a mixed martial arts tournament - a path that puts the fighter on a collision ... Read all",https://www.imdb.com/title/tt1291584/?ref_=chttp_t_177
스파이더맨: 노 웨이 홈,2021,2h 28m,Jon Watts,"Jon Watts, Chris McKenna, Erik Sommers, Stan Lee, Tom Holland","With Spider-Man's identity now revealed, Peter asks Doctor Strange for help. When a spell goes wrong, dangerous foes from other worlds start to appear.",https://www.imdb.com/title/tt10872600/?ref_=chttp_t_178
그랜 토리노,2008,1h 56m,Clint Eastwood,"Clint Eastwood, Nick Schenk, Dave Johannson, Clint Eastwood, Bee Vang","After a Hmong teenager tries to steal his prized 1972 Gran Torino, a disgruntled, prejudiced Korean War veteran seeks to redeem both the boy and himself.",https://www.imdb.com/title/tt1205489/?ref_=chttp_t_179
Haeri Poteowa jugeumui seongmul - 2bu,2011,2h 10m,David Yates,"David Yates, Steve Kloves, J.K. Rowling, Daniel Radcliffe, Emma Watson","As the battle between the forces of good and evil in the wizarding world escalates, Harry Potter draws ever closer to his final confrontation with Voldemort.",https://www.imdb.com/title/tt1201607/?ref_=chttp_t_180
밀리언 달러 베이비,2004,2h 12m,Clint Eastwood,"Clint Eastwood, Paul Haggis, F.X. Toole, Hilary Swank, Clint Eastwood","Frankie, an ill-tempered old coach, reluctantly agrees to train aspiring boxer Maggie. Impressed with her determination and talent, he helps her become the best and the two soon form a close... Read all",https://www.imdb.com/title/tt0405159/?ref_=chttp_t_181
Tonari no Totoro,1988,1h 26m,Hayao Miyazaki,"Hayao Miyazaki, Hayao Miyazaki, Hitoshi Takagi, Noriko Hidaka, Chika Sakamoto","When two girls move to the country to be near their ailing mother, they have adventures with the wondrous forest spirits who live nearby.",https://www.imdb.com/title/tt0096283/?ref_=chttp_t_182
매드맥스: 분노의 도로,2015,2h,George Miller,"George Miller, George Miller, Brendan McCarthy, Nick Lathouris, Tom Hardy","In a post-apocalyptic wasteland, a woman rebels against a tyrannical ruler in search for her homeland with the aid of a group of female prisoners, a psychotic worshipper and a drifter named ... Read all",https://www.imdb.com/title/tt1392190/?ref_=chttp_t_183
Ben-Hur,1959,3h 32m,William Wyler,"William Wyler, Lew Wallace, Karl Tunberg, Gore Vidal, Charlton Heston","A Jewish prince is betrayed and sent into slavery by a Roman friend in 1st-century Jerusalem, but it's not long before he regains his freedom and comes back for revenge.",https://www.imdb.com/title/tt0052618/?ref_=chttp_t_184
Barry Lyndon,1975,3h 5m,Stanley Kubrick,"Stanley Kubrick, Stanley Kubrick, William Makepeace Thackeray, Ryan O'Neal, Marisa Berenson",An Irish rogue wins the heart of a rich widow and assumes her dead husband's aristocratic position in 18th-century England.,https://www.imdb.com/title/tt0072684/?ref_=chttp_t_185
Children of Heaven,1997,1h 29m,Majid Majidi,"Majid Majidi, Majid Majidi, Mohammad Amir Naji, Amir Farrokh Hashemian, Bahare Seddiqi","After a boy loses his sister's pair of shoes, he goes on a series of adventures in order to find them. When he can't, he tries a new way to ""win"" a new pair.",https://www.imdb.com/title/tt0118849/?ref_=chttp_t_186
12 Years a Slave,2013,2h 14m,Steve McQueen,"Steve McQueen, John Ridley, Solomon Northup, Chiwetel Ejiofor, Michael Kenneth Williams","In the antebellum United States, Solomon Northup, a free black man from upstate New York, is abducted and sold into slavery.",https://www.imdb.com/title/tt2024544/?ref_=chttp_t_187
블레이드 러너,1982,1h 57m,Ridley Scott,"Ridley Scott, Hampton Fancher, David Webb Peoples, Philip K. Dick, Harrison Ford",A blade runner must pursue and terminate four replicants who stole a ship in space and have returned to Earth to find their creator.,https://www.imdb.com/title/tt0083658/?ref_=chttp_t_188
비포 선라이즈,1995,1h 41m,Richard Linklater,"Richard Linklater, Richard Linklater, Kim Krizan, Ethan Hawke, Julie Delpy","A young man and woman meet on a train in Europe, and wind up spending one evening together in Vienna. Unfortunately, both know that this will probably be their only night together.",https://www.imdb.com/title/tt0112471/?ref_=chttp_t_189
The Grand Budapest Hotel,2014,1h 39m,Wes Anderson,"Wes Anderson, Stefan Zweig, Wes Anderson, Hugo Guinness, Ralph Fiennes","A writer encounters the owner of an aging high-class hotel, who tells him of his early years serving as a lobby boy in the hotel's glorious years under an exceptional concierge.",https://www.imdb.com/title/tt2278388/?ref_=chttp_t_190
핵소 고지,2016,2h 19m,Mel Gibson,"Mel Gibson, Robert Schenkkan, Andrew Knight, Andrew Garfield, Sam Worthington","World War II American Army Medic Desmond T. Doss, serving during the Battle of Okinawa, refuses to kill people and becomes the first man in American history to receive the Medal of Honor wit... Read all",https://www.imdb.com/title/tt2119532/?ref_=chttp_t_191
죽은 시인의 사회,1989,2h 8m,Peter Weir,"Peter Weir, Tom Schulman, Robin Williams, Robert Sean Leonard, Ethan Hawke","Maverick teacher John Keating returns in 1959 to the prestigious New England boys' boarding school where he was once a star student, using poetry to embolden his pupils to new heights of sel... Read all",https://www.imdb.com/title/tt0097165/?ref_=chttp_t_192
Gone Girl,2014,2h 29m,David Fincher,"David Fincher, Gillian Flynn, Ben Affleck, Rosamund Pike, Neil Patrick Harris",The husband of a missing woman becomes the chief suspect in her disappearance.,https://www.imdb.com/title/tt2267998/?ref_=chttp_t_193
Salinui chueok,2003,2h 11m,Bong Joon Ho,"Bong Joon Ho, Bong Joon Ho, Kwang-rim Kim, Sung-bo Shim, Song Kang-ho","In a small Korean province in 1986, two detectives struggle with the case of multiple young women being found raped and murdered by an unknown culprit.",https://www.imdb.com/title/tt0353969/?ref_=chttp_t_194
Maharaja,2024,2h 21m,Nithilan Saminathan,"Nithilan Saminathan, Nithilan Saminathan, Vijay Sethupathi, Anurag Kashyap, Mamta Mohandas","A barber seeks vengeance after his home is burglarized, cryptically telling police his ""lakshmi"" has been taken, leaving them uncertain if it's a person or object. His quest to recover the e... Read all",https://www.imdb.com/title/tt26548265/?ref_=chttp_t_195
In the Name of the Father,1993,2h 13m,Jim Sheridan,"Jim Sheridan, Gerry Conlon, Terry George, Jim Sheridan, Daniel Day-Lewis","An Irish man's coerced confession to an I.R.A. bombing he did not commit results in the imprisonment of his father as well. Meanwhile, a British lawyer fights to clear their names and free t... Read all",https://www.imdb.com/title/tt0107207/?ref_=chttp_t_196
The Gold Rush,1925,1h 35m,Charles Chaplin,"Charles Chaplin, Charles Chaplin, Charles Chaplin, Mack Swain, Tom Murray","A prospector goes to the Klondike during the 1890s gold rush in hopes of making his fortune, and is smitten with a girl he sees in a dance hall.",https://www.imdb.com/title/tt0015864/?ref_=chttp_t_197
"Monsters, Inc.",2001,1h 32m,Pete Docter,"Pete Docter, David Silverman, Lee Unkrich, Pete Docter, Jill Culton","In order to power the city, monsters have to scare children so that they scream. However, the children are toxic to the monsters, and after a child gets through, two monsters realize things ... Read all",https://www.imdb.com/title/tt0198781/?ref_=chttp_t_198
Waildeu Teiljeu: Cham-eul Su Eobsneun Sungan,2014,2h 2m,Damián Szifron,"Damián Szifron, Julian Loyola, Damián Szifron, Germán Servidio, Darío Grandinetti",Six short stories that explore the extremities of human behavior involving people in distress.,https://www.imdb.com/title/tt3011894/?ref_=chttp_t_199
라따뚜이,2007,1h 51m,Brad Bird,"Brad Bird, Jan Pinkava, Brad Bird, Jan Pinkava, Jim Capobianco",A rat who can cook makes an unusual alliance with a young kitchen worker at a famous Paris restaurant.,https://www.imdb.com/title/tt0382932/?ref_=chttp_t_200
드래곤 길들이기,2010,1h 38m,Dean DeBlois,"Dean DeBlois, Chris Sanders, William Davies, Dean DeBlois, Chris Sanders","A hapless young Viking who aspires to hunt dragons becomes the unlikely friend of a young dragon himself, and learns there may be more to the creatures than he assumed.",https://www.imdb.com/title/tt0892769/?ref_=chttp_t_201
The Deer Hunter,1978,3h 3m,Michael Cimino,"Michael Cimino, Michael Cimino, Deric Washburn, Louis Garfinkle, Robert De Niro",An in-depth examination of the ways in which the Vietnam War impacts and disrupts the lives of several friends in a small steel mill town in Pennsylvania.,https://www.imdb.com/title/tt0077416/?ref_=chttp_t_202
죠스,1975,2h 4m,Steven Spielberg,"Steven Spielberg, Peter Benchley, Carl Gottlieb, Roy Scheider, Robert Shaw","When a massive killer shark unleashes chaos on a beach community off Long Island, it's up to a local sheriff, a marine biologist, and an old seafarer to hunt the beast down.",https://www.imdb.com/title/tt0073195/?ref_=chttp_t_203
Sherlock Jr.,1924,45m,Buster Keaton,"Buster Keaton, Jean C. Havez, Joseph A. Mitchell, Clyde Bruckman, Buster Keaton","A film projectionist longs to be a detective, and puts his meagre skills to work when he is framed by a rival for stealing his girlfriend's father's pocketwatch.",https://www.imdb.com/title/tt0015324/?ref_=chttp_t_204
The General,1926,1h 18m,Clyde Bruckman,"Clyde Bruckman, Buster Keaton, Buster Keaton, Clyde Bruckman, Al Boasberg","After being rejected by the Confederate military, not realizing it was due to his crucial civilian role, an engineer must single-handedly recapture his beloved locomotive after it is seized ... Read all",https://www.imdb.com/title/tt0017925/?ref_=chttp_t_205
Mary and Max,2009,1h 32m,Adam Elliot,"Adam Elliot, Adam Elliot, Toni Collette, Philip Seymour Hoffman, Eric Bana","In 1976 Melbourne, a lonely 8-year-old girl strikes up a correspondence with an unlikely pen pal: a severely obese 44-year-old New Yorker with Asperger's syndrome.",https://www.imdb.com/title/tt0978762/?ref_=chttp_t_206
On the Waterfront,1954,1h 48m,Elia Kazan,"Elia Kazan, Budd Schulberg, Malcolm Johnson, Robert Siodmak, Marlon Brando","An ex-prize fighter turned New Jersey longshoreman struggles to stand up to his corrupt union bosses, including his older brother, as he starts to connect with the grieving sister of one of ... Read all",https://www.imdb.com/title/tt0047296/?ref_=chttp_t_207
Le salaire de la peur,1953,2h 36m,Henri-Georges Clouzot,"Henri-Georges Clouzot, Georges Arnaud, Henri-Georges Clouzot, Jérôme Géronimi, Yves Montand","In a decrepit South American village, four men are hired to transport an urgent nitroglycerine shipment without the equipment that would make it safe.",https://www.imdb.com/title/tt0046268/?ref_=chttp_t_208
Ford v Ferrari,2019,2h 32m,James Mangold,"James Mangold, Jez Butterworth, John-Henry Butterworth, Jason Keller, Matt Damon",American car designer Carroll Shelby and driver Ken Miles battle corporate interference and the laws of physics to build a revolutionary race car for Ford in order to defeat Ferrari at the 2... Read all,https://www.imdb.com/title/tt1950186/?ref_=chttp_t_209
Mr. Smith Goes to Washington,1939,2h 9m,Frank Capra,"Frank Capra, Sidney Buchman, Lewis R. Foster, Myles Connolly, James Stewart","A naive youth leader is appointed to fill a vacancy in the U.S. Senate. His idealistic plans promptly collide with corruption at home and subterfuge from his hero in Washington, but he tries... Read all",https://www.imdb.com/title/tt0031679/?ref_=chttp_t_210
Smultronstället,1957,1h 32m,Ingmar Bergman,"Ingmar Bergman, Ingmar Bergman, Louis Sauvat, Victor Sjöström, Bibi Andersson","After living a life marked by coldness, an aging professor is forced to confront the emptiness of his existence.",https://www.imdb.com/title/tt0050986/?ref_=chttp_t_211
The Third Man,1949,1h 44m,Carol Reed,"Carol Reed, Graham Greene, Orson Welles, Alexander Korda, Orson Welles","Pulp novelist Holly Martins travels to shadowy, postwar Vienna, only to find himself investigating the mysterious death of an old friend, Harry Lime.",https://www.imdb.com/title/tt0041959/?ref_=chttp_t_212
로건,2017,2h 17m,James Mangold,"James Mangold, James Mangold, Scott Frank, Michael Green, Hugh Jackman","In a future where mutants are nearly extinct, an elderly and weary Logan leads a quiet life. But when Laura, a mutant child pursued by scientists, comes to him for help, he must get her to s... Read all",https://www.imdb.com/title/tt3315342/?ref_=chttp_t_213
록키,1976,2h,John G. Avildsen,"John G. Avildsen, Sylvester Stallone, Sylvester Stallone, Talia Shire, Burt Young",A small-time Philadelphia boxer gets a supremely rare chance to fight the world heavyweight champion in a bout in which he strives to go the distance for his self-respect.,https://www.imdb.com/title/tt0075148/?ref_=chttp_t_214
동경 이야기,1953,2h 17m,Yasujirô Ozu,"Yasujirô Ozu, Kôgo Noda, Yasujirô Ozu, Chishû Ryû, Chieko Higashiyama","An old couple visit their children and grandchildren in the city, but receive little attention.",https://www.imdb.com/title/tt0046438/?ref_=chttp_t_215
위대한 레보스키,1998,1h 57m,Joel Coen,"Joel Coen, Ethan Coen, Ethan Coen, Joel Coen, Jeff Bridges","Jeff ""The Dude"" Lebowski, mistaken for a millionaire of the same name, seeks restitution for his ruined rug and enlists his bowling buddies to help get it.",https://www.imdb.com/title/tt0118715/?ref_=chttp_t_216
The Seventh Seal,1957,1h 36m,Ingmar Bergman,"Ingmar Bergman, Ingmar Bergman, Max von Sydow, Gunnar Björnstrand, Bengt Ekerot","A knight returning to Sweden after the Crusades seeks answers about life, death, and the existence of God as he plays chess against the Grim Reaper during the Black Plague.",https://www.imdb.com/title/tt0050976/?ref_=chttp_t_217
스포트라이트,2015,2h 9m,Tom McCarthy,"Tom McCarthy, Josh Singer, Tom McCarthy, Mark Ruffalo, Michael Keaton","The true story of how the Boston Globe uncovered the massive scandal of child molestation and cover-up within the local Catholic Archdiocese, shaking the entire Catholic Church to its core.",https://www.imdb.com/title/tt1895587/?ref_=chttp_t_218
Room,2015,1h 58m,Lenny Abrahamson,"Lenny Abrahamson, Emma Donoghue, Brie Larson, Jacob Tremblay, Sean Bridgers","A little boy is held captive in a room with his mother since his birth, so he has never known the world outside.",https://www.imdb.com/title/tt3170832/?ref_=chttp_t_219
터미네이터,1984,1h 47m,James Cameron,"James Cameron, James Cameron, Gale Anne Hurd, William Wisher, Arnold Schwarzenegger",A cyborg assassin from the future attempts to find and kill a young woman who is destined to give birth to a warrior that will lead a resistance to save humankind from extinction.,https://www.imdb.com/title/tt0088247/?ref_=chttp_t_220
Hotel Rwanda,2004,2h 1m,Terry George,"Terry George, Keir Pearson, Terry George, Don Cheadle, Sophie Okonedo","Paul Rusesabagina, a hotel manager, houses over a thousand Tutsi refugees during their struggle against the Hutu militia in Rwanda, Africa.",https://www.imdb.com/title/tt0395169/?ref_=chttp_t_221
Platoon,1986,2h,Oliver Stone,"Oliver Stone, Oliver Stone, Charlie Sheen, Tom Berenger, Willem Dafoe","Chris Taylor, a neophyte recruit in Vietnam, finds himself caught in a battle of wills between two sergeants, one good and the other evil. A shrewd examination of the brutality of war and th... Read all",https://www.imdb.com/title/tt0091763/?ref_=chttp_t_222
캐리비안의 해적: 블랙펄의 저주,2003,2h 23m,Gore Verbinski,"Gore Verbinski, Ted Elliott, Terry Rossio, Stuart Beattie, Johnny Depp","Blacksmith Will Turner teams up with eccentric pirate ""Captain"" Jack Sparrow to save Elizabeth Swann, the governor's daughter and his love, from Jack's former pirate allies, who are now unde... Read all",https://www.imdb.com/title/tt0325980/?ref_=chttp_t_223
La haine,1995,1h 38m,Mathieu Kassovitz,"Mathieu Kassovitz, Mathieu Kassovitz, Vincent Cassel, Hubert Koundé, Saïd Taghmaoui",24 hours in the lives of three young men in the French suburbs the day after a violent riot.,https://www.imdb.com/title/tt0113247/?ref_=chttp_t_224
Before Sunset,2004,1h 20m,Richard Linklater,"Richard Linklater, Richard Linklater, Julie Delpy, Ethan Hawke, Ethan Hawke","Nine years after Jesse and Celine first met, they encounter each other again on the French leg of Jesse's book tour.",https://www.imdb.com/title/tt0381681/?ref_=chttp_t_225
Jai Bhim,2021,2h 44m,T.J. Gnanavel,"T.J. Gnanavel, T.J. Gnanavel, Rajendra Sapre, Suriya, Lijo Mol Jose","When a tribal man is arrested for a case of alleged theft, his wife turns to a human-rights lawyer to help bring justice.",https://www.imdb.com/title/tt15097216/?ref_=chttp_t_226
La passion de Jeanne d'Arc,1928,1h 50m,Carl Theodor Dreyer,"Carl Theodor Dreyer, Joseph Delteil, Carl Theodor Dreyer, Maria Falconetti, Eugene Silvain","In 1431, Jeanne d'Arc is placed on trial on charges of heresy. The ecclesiastical jurists attempt to force Jeanne to recant her claims of holy visions.",https://www.imdb.com/title/tt0019254/?ref_=chttp_t_227
The Best Years of Our Lives,1946,2h 50m,William Wyler,"William Wyler, Robert E. Sherwood, MacKinlay Kantor, Myrna Loy, Dana Andrews","Three World War II veterans, two of them traumatized or disabled, return home to the American midwest to discover that they and their families have been irreparably changed.",https://www.imdb.com/title/tt0036868/?ref_=chttp_t_228
엑소시스트: 디렉터스 컷,1973,2h 2m,William Friedkin,"William Friedkin, William Peter Blatty, Ellen Burstyn, Max von Sydow, Linda Blair","When a mysterious entity possesses a young girl, her mother seeks the help of two Catholic priests to save her life.",https://www.imdb.com/title/tt0070047/?ref_=chttp_t_229
오즈의 마법사,1939,1h 42m,Victor Fleming,"Victor Fleming, King Vidor, Noel Langley, Florence Ryerson, Edgar Allan Woolf","Young Dorothy Gale and her dog Toto are swept away by a tornado from their Kansas farm to the magical Land of Oz and embark on a quest with three new friends to see the Wizard, who can retur... Read all",https://www.imdb.com/title/tt0032138/?ref_=chttp_t_230
The Incredibles,2004,1h 55m,Brad Bird,"Brad Bird, Brad Bird, Craig T. Nelson, Samuel L. Jackson, Holly Hunter","While trying to lead a quiet suburban life, a family of undercover superheroes are forced into action to save the world.",https://www.imdb.com/title/tt0317705/?ref_=chttp_t_231
Rush,2013,2h 3m,Ron Howard,"Ron Howard, Peter Morgan, Daniel Brühl, Chris Hemsworth, Olivia Wilde","James Hunt and Niki Lauda, two extremely skilled Formula One racers, have an intense rivalry with each other. However, it is their enmity that pushes them to their limits.",https://www.imdb.com/title/tt1979320/?ref_=chttp_t_232
Network,1976,2h 1m,Sidney Lumet,"Sidney Lumet, Paddy Chayefsky, Faye Dunaway, William Holden, Peter Finch","A television network cynically exploits a deranged former anchor's ravings and revelations about mass media for its own profit, but finds that his message may be difficult to control.",https://www.imdb.com/title/tt0074958/?ref_=chttp_t_233
Stand by Me,1986,1h 29m,Rob Reiner,"Rob Reiner, Stephen King, Raynold Gideon, Bruce A. Evans, Wil Wheaton",A writer recounts a childhood journey with his friends to find the body of a missing boy.,https://www.imdb.com/title/tt0092005/?ref_=chttp_t_234
Hachi: A Dog's Tale,2009,1h 33m,Lasse Hallström,"Lasse Hallström, Stephen P. Lindsey, Kaneto Shindô, Richard Gere, Joan Allen","Professor Wilson discovers a lost Akita puppy on his way home. Despite objections from his wife, Hachi endears himself to the family and grows to be Parker's loyal companion. As their bond g... Read all",https://www.imdb.com/title/tt1028532/?ref_=chttp_t_235
사운드 오브 뮤직,1965,2h 52m,Robert Wise,"Robert Wise, Georg Hurdalek, Howard Lindsay, Russel Crouse, Julie Andrews",A young novice is sent by her convent in 1930s Austria to become a governess to the seven children of a widowed naval officer.,https://www.imdb.com/title/tt0059742/?ref_=chttp_t_236
저항,1956,1h 41m,Robert Bresson,"Robert Bresson, André Devigny, Robert Bresson, François Leterrier, Charles Le Clainche",A captured French Resistance fighter during World War II engineers a daunting escape from a German prison in France.,https://www.imdb.com/title/tt0049902/?ref_=chttp_t_237
Babam ve Oglum,2005,1h 52m,Çagan Irmak,"Çagan Irmak, Çagan Irmak, Çetin Tekindor, Fikret Kuskan, Hümeyra",The family of a left-wing journalist is torn apart after the military coup of Turkey in 1980.,https://www.imdb.com/title/tt0476735/?ref_=chttp_t_238
Ahgassi,2016,2h 25m,Park Chan-wook,"Park Chan-wook, Sarah Waters, Chung Seo-kyung, Park Chan-wook, Kim Min-hee","In 1930s Korea, a girl is hired as a handmaiden to a Japanese heiress who lives a secluded life on a countryside estate. But the maid has a secret: She is a pickpocket recruited by a swindle... Read all",https://www.imdb.com/title/tt4016934/?ref_=chttp_t_239
To Be or Not to Be,1942,1h 39m,Ernst Lubitsch,"Ernst Lubitsch, Melchior Lengyel, Edwin Justus Mayer, Ernst Lubitsch, Carole Lombard","During the German occupation of Poland, an acting troupe becomes embroiled in a Polish soldier's efforts to track down a German spy.",https://www.imdb.com/title/tt0035446/?ref_=chttp_t_240
Into the Wild,2007,2h 28m,Sean Penn,"Sean Penn, Sean Penn, Jon Krakauer, Emile Hirsch, Vince Vaughn","After graduating from Emory University, top student and athlete Christopher McCandless abandons his possessions, gives his entire $24,000 savings account to charity and hitchhikes to Alaska ... Read all",https://www.imdb.com/title/tt0758758/?ref_=chttp_t_241
The Iron Giant,1999,1h 26m,Brad Bird,"Brad Bird, Tim McCanlies, Brad Bird, Ted Hughes, Eli Marienthal",A young boy befriends a giant robot from outer space that a paranoid government agent wants to destroy.,https://www.imdb.com/title/tt0129167/?ref_=chttp_t_242
La battaglia di Algeri,1966,2h 1m,Gillo Pontecorvo,"Gillo Pontecorvo, Franco Solinas, Gillo Pontecorvo, Brahim Hadjadj, Jean Martin","In the 1950s, fear and violence escalate as the people of Algiers fight for independence from the French government.",https://www.imdb.com/title/tt0058946/?ref_=chttp_t_243
The Grapes of Wrath,1940,2h 9m,John Ford,"John Ford, Nunnally Johnson, John Steinbeck, Henry Fonda, Jane Darwell","An Oklahoma family, driven off their farm by the poverty and hopelessness of the Dust Bowl, joins the westward migration to California, suffering the misfortunes of the homeless in the Great... Read all",https://www.imdb.com/title/tt0032551/?ref_=chttp_t_244
사랑의 블랙홀,1993,1h 41m,Harold Ramis,"Harold Ramis, Danny Rubin, Harold Ramis, Bill Murray, Andie MacDowell","A narcissistic, self-centered weatherman finds himself in a time loop on Groundhog Day.",https://www.imdb.com/title/tt0107048/?ref_=chttp_t_245
Amores perros,2000,2h 34m,Alejandro G. Iñárritu,"Alejandro G. Iñárritu, Guillermo Arriaga, Emilio Echevarría, Gael García Bernal, Goya Toledo","An amateur dog fighter, a supermodel, and a derelict assassin, all separately struggling to find love, find their lives transformed by a devastating car wreck in Mexico City.",https://www.imdb.com/title/tt0245712/?ref_=chttp_t_246
Rebecca,1940,2h 10m,Alfred Hitchcock,"Alfred Hitchcock, Daphne Du Maurier, Robert E. Sherwood, Joan Harrison, Laurence Olivier",A self-conscious woman juggles adjusting to her new role as an aristocrat's wife and avoiding being intimidated by his first wife's spectral presence.,https://www.imdb.com/title/tt0032976/?ref_=chttp_t_247
헬프,2011,2h 26m,Tate Taylor,"Tate Taylor, Tate Taylor, Kathryn Stockett, Viola Davis, Emma Stone","An aspiring author during the civil rights movement of the 1960s decides to write a book detailing the African American maids' point of view on the white families for which they work, and th... Read all",https://www.imdb.com/title/tt1454029/?ref_=chttp_t_248
Moksoriui hyeongtae,2016,2h 10m,Taichi Ishidate,"Taichi Ishidate, Naoko Yamada, Yoshitoki Ôima, Reiko Yoshida, Miyu Irino","A deaf girl, Shoko, is bullied by the popular Shoya. As Shoya continues to bully Shoko, the class turns its back on him. Shoko transfers and Shoya grows up as an outcast. Alone and depressed... Read all",https://www.imdb.com/title/tt5323662/?ref_=chttp_t_249
Cool Hand Luke,1967,2h 7m,Stuart Rosenberg,"Stuart Rosenberg, Donn Pearce, Frank Pierson, Hal Dresner, Paul Newman","A laid-back Southern man is sentenced to two years in a rural prison, but refuses to conform.",https://www.imdb.com/title/tt0061512/?ref_=chttp_t_250
